Deadline,Days left,Country,Title (English),English title source,Title (original),Buyer (public body),CPV label,Estimated value,Currency,"Estimated value (EUR, approx.)",Published,TED notice,Source & licence
2026-10-16,7,Poland,Purchase of software for management of the Department of Pathomorphology of Katowice Centre of Oncology,machine translation (Argos Translate / OPUS-MT),Zakup oprogramowania do zarządzania Zakładem Patomorfologii Katowickiego Centrum Onkologii,Katowickie Centrum Onkologii,Medical software package,125000,PLN,28516,2026-10-05,https://ted.europa.eu/en/notice/-/detail/683791-2026,"TED (ted.europa.eu), © European Union, reuse per Decision 2011/833/EU; English title machine-translated unless original is English"
2026-10-16,7,Czechia,Implementation of a new press solution at the Regional Office of the Central Bohemian Region,machine translation (Argos Translate / OPUS-MT),Realizace nového tiskového řešení na krajském úřadu Středočeského kraje,Středočeský kraj,Photocopiers,9560000,CZK,392302,2026-10-06,https://ted.europa.eu/en/notice/-/detail/685930-2026,"TED (ted.europa.eu), © European Union, reuse per Decision 2011/833/EU; English title machine-translated unless original is English"
2026-10-16,7,Romania,PKI-HSM meter security system,machine translation (Argos Translate / OPUS-MT),Sistem securizare contoare PKI-HSM,DISTRIBUȚIE ENERGIE ELECTRICĂ ROMANIA S.A.,Software package and information systems,27049693.92,RON,5064917,2026-10-08,https://ted.europa.eu/en/notice/-/detail/693956-2026,"TED (ted.europa.eu), © European Union, reuse per Decision 2011/833/EU; English title machine-translated unless original is English"
2026-10-17,8,Spain,Pre-commercial Procurement of an innovative Systemic Sustainability Transition Solution for Health Care Organisations (suHCO),original (English),Pre-commercial Procurement of an innovative Systemic Sustainability Transition Solution for Health Care Organisations (suHCO),Consorci de Salut i d’Atenció Social de Catalunya,Research and experimental development services,2260980,EUR,2260980,2026-10-08,https://ted.europa.eu/en/notice/-/detail/693048-2026,"TED (ted.europa.eu), © European Union, reuse per Decision 2011/833/EU; English title machine-translated unless original is English"
2026-10-19,10,Estonia,Translation gate maintenance and user support service (Estonian Language Institute),machine translation (Argos Translate / OPUS-MT),Tõlkevärava hooldus- ja kasutajatoe teenus (Eesti Keele Instituut),Riigi Tugiteenuste Keskus,Programming services of packaged software products,1000000,EUR,1000000,2026-10-05,https://ted.europa.eu/en/notice/-/detail/683720-2026,"TED (ted.europa.eu), © European Union, reuse per Decision 2011/833/EU; English title machine-translated unless original is English"
2026-10-19,10,Croatia,"Development of a new electronic system of the Croatian Science Foundation for the application of project proposals, management and monitoring of funded projects",machine translation (OPUS-MT),"Izrada novog elektroničkog sustava Hrvatske zaklade za znanost za prijavu projektnih prijedloga, vođenje i praćenje financiranih projekata",Hrvatska zaklada za znanost,Programming services,384000,EUR,384000,2026-10-08,https://ted.europa.eu/en/notice/-/detail/693469-2026,"TED (ted.europa.eu), © European Union, reuse per Decision 2011/833/EU; English title machine-translated unless original is English"
2026-10-19,10,Germany,Support - technical system administration,machine translation (Argos Translate / OPUS-MT),Unterstützung - technische Systemadministration,LfA Förderbank Bayern,Systems and technical consultancy services,1850000,EUR,1850000,2026-10-09,https://ted.europa.eu/en/notice/-/detail/696803-2026,"TED (ted.europa.eu), © European Union, reuse per Decision 2011/833/EU; English title machine-translated unless original is English"
2026-10-19,10,Netherlands,Outsourcing ICT environment and digital workplace municipality of Gemert-Bakel and municipality of Laarbeek,machine translation (Argos Translate / OPUS-MT),Uitbesteding ICT-omgeving en digitale werkplek gemeente Gemert-Bakel en gemeente Laarbeek,Gemeente Gemert-Bakel en gemeente Laarbeek,"IT services: consulting, software development, Internet and support",12850000,EUR,12850000,2026-10-09,https://ted.europa.eu/en/notice/-/detail/699201-2026,"TED (ted.europa.eu), © European Union, reuse per Decision 2011/833/EU; English title machine-translated unless original is English"
2026-10-19,10,Finland,Acquisition of smart care and service needs assessment software,machine translation (Argos Translate / OPUS-MT),Älykkään hoidon- ja palvelutarpeen arvio-ohjelmiston hankinta,Itä-Uudenmaan hyvinvointialue,Software-related services,250000,EUR,250000,2026-10-09,https://ted.europa.eu/en/notice/-/detail/699606-2026,"TED (ted.europa.eu), © European Union, reuse per Decision 2011/833/EU; English title machine-translated unless original is English"
2026-10-21,12,Latvia,Purchase of the licence and maintenance service of the B2B network management platform,machine translation (Argos Translate / OPUS-MT),B2B tīklošanās vadības platformas licences un uzturēšanas pakalpojuma iegāde,Latvijas Investīciju un attīstības aģentūra,Software supply services,20000,EUR,20000,2026-10-07,https://ted.europa.eu/en/notice/-/detail/689827-2026,"TED (ted.europa.eu), © European Union, reuse per Decision 2011/833/EU; English title machine-translated unless original is English"
2026-10-21,12,Slovakia,Procurement of immediate classrooms and computing infrastructure,machine translation (Argos Translate / OPUS-MT),Obstaranie imerzívnej učebne a výpočtovej infraštruktúry,"Súkromná stredná odborná škola automobilová Duálna akadémia, Jána Jonáša 5, Bratislava",Data-processing machines (hardware),279134.32,EUR,279134,2026-10-08,https://ted.europa.eu/en/notice/-/detail/694789-2026,"TED (ted.europa.eu), © European Union, reuse per Decision 2011/833/EU; English title machine-translated unless original is English"
2026-10-22,13,Ireland,Drive-by-Wire System for Autonomous Vehicle Research,original (English),Drive-by-Wire System for Autonomous Vehicle Research,Future Mobility Campus Ireland CLG,Vehicle conversion kits,120000,EUR,120000,2026-10-05,https://ted.europa.eu/en/notice/-/detail/684803-2026,"TED (ted.europa.eu), © European Union, reuse per Decision 2011/833/EU; English title machine-translated unless original is English"
2026-10-23,14,Bulgaria,Subscription for service for conducting campaigns to check the sustainability of BULATSA information infrastructure against cyber attacks,machine translation (Argos Translate / OPUS-MT),„Абонамент за услуга за провеждане на кампании за проверка на устойчивостта на информационната инфраструктура на ДП РВД срещу кибератаки“,"ДЪРЖАВНО ПРЕДПРИЯТИЕ ""РЪКОВОДСТВО НА ВЪЗДУШНОТО ДВИЖЕНИЕ"" ТПП",Software-related services,210000,EUR,210000,2026-10-07,https://ted.europa.eu/en/notice/-/detail/691195-2026,"TED (ted.europa.eu), © European Union, reuse per Decision 2011/833/EU; English title machine-translated unless original is English"
2026-10-26,17,Italy,Network management services fonia and data and equipment maintenance - NOC,machine translation (Argos Translate / OPUS-MT),Servizi di gestione della rete fonia e dati e della manutenzione degli apparati - NOC,RAI - Radiotelevisione Italiana S.p.A. - A/TEI/INT,Data network management services,13636490,EUR,13636490,2026-10-09,https://ted.europa.eu/en/notice/-/detail/698562-2026,"TED (ted.europa.eu), © European Union, reuse per Decision 2011/833/EU; English title machine-translated unless original is English"
2026-10-30,21,Cyprus,"Supply, Installation, Simulation and Five-Year Support Two trunk Routers and Protection Solution from Attacks DDoS capacity 100 Gbps for CED",machine translation (Argos Translate / OPUS-MT),"Προμήθεια, Εγκατάσταση, Παραμετροποίηση και Πενταετής Υποστήριξη Δύο Δρομολογητών Κορμού και Λύσης Προστασίας από Επιθέσεις DDoS δυναμικότητας 100 Gbps για το ΚΕΑΔ",ΚΥΠΡΙΑΚΟ ΕΡΕΥΝΗΤΙΚΟ ΚΑΙ ΑΚΑΔΗΜΑΪΚΟ ΔΙΚΤΥΟ,Networks,430000,EUR,430000,2026-10-06,https://ted.europa.eu/en/notice/-/detail/687955-2026,"TED (ted.europa.eu), © European Union, reuse per Decision 2011/833/EU; English title machine-translated unless original is English"
2026-10-31,22,Portugal,20/CLPQ/AT/2026 - Acquisition of Fiscal Execution System (S Zel) maintenance services,machine translation (Argos Translate / OPUS-MT),20/CLPQ/AT/2026 - Aquisição de serviços de manutenção do Sistema de Execuções Fiscais (SEF)  Gestão Processual e Financeira,Autoridade Tributária e Aduaneira,Software programming and consultancy services,415000,EUR,415000,2026-10-05,https://ted.europa.eu/en/notice/-/detail/683024-2026,"TED (ted.europa.eu), © European Union, reuse per Decision 2011/833/EU; English title machine-translated unless original is English"
2026-11-02,24,Norway,Framework agreement for the procurement and purchase of consultancy services,original (English),Framework agreement for the procurement and purchase of consultancy services,Norwegian Customs,Recruitment services,290000000,NOK,27063599,2026-10-07,https://ted.europa.eu/en/notice/-/detail/690489-2026,"TED (ted.europa.eu), © European Union, reuse per Decision 2011/833/EU; English title machine-translated unless original is English"
2026-11-06,28,Belgium,Service Delivery for the Data Product Mesh & Data Platform Engineering,original (English),Service Delivery for the Data Product Mesh & Data Platform Engineering,International Post Corporation,Computer-related professional services,1700000,EUR,1700000,2026-10-08,https://ted.europa.eu/en/notice/-/detail/693230-2026,"TED (ted.europa.eu), © European Union, reuse per Decision 2011/833/EU; English title machine-translated unless original is English"
2026-11-10,32,Malta,"CT2285/2026 - Tender for the Supply of Adobe Licenses (or equivalent) for the Office of the Deputy Prime Minister and Ministry for Health, ODPM",original (English),"CT2285/2026 - Tender for the Supply of Adobe Licenses (or equivalent) for the Office of the Deputy Prime Minister and Ministry for Health, ODPM",Department of Contracts,Computer-aided design (CAD) software package,190400,EUR,190400,2026-10-07,https://ted.europa.eu/en/notice/-/detail/692095-2026,"TED (ted.europa.eu), © European Union, reuse per Decision 2011/833/EU; English title machine-translated unless original is English"
2026-11-18,40,Sweden,Theoretical examination system for flight crew licences,original (English),Theoretical examination system for flight crew licences,Transportstyrelsen,Software package and information systems,3500000,SEK,313409,2026-10-08,https://ted.europa.eu/en/notice/-/detail/693672-2026,"TED (ted.europa.eu), © European Union, reuse per Decision 2011/833/EU; English title machine-translated unless original is English"
